{"cameraMode":{"drawMode":0,"name":"Shaded","section":"Shading Mode"},"sceneLighting":true,"audioPlay":false,"sceneViewState":{"m_AlwaysRefresh":false,"showFog":true,"showSkybox":true,"showFlares":true,"showImageEffects":true,"showParticleSystems":true,"showVisualEffectGraphs":true,"m_FxEnabled":true},"in2DMode":false,"pivot":{"x":375.63226318359377,"y":192.96920776367188,"z":2.4286956787109377},"rotation":{"x":-0.03540404140949249,"y":-0.005101082846522331,"z":0.00013458222383633256,"w":-0.9994299411773682},"size":218.53323364257813,"orthographic":false}