{"cameraMode":{"drawMode":0,"name":"Shaded","section":"Shading Mode"},"sceneLighting":true,"audioPlay":false,"sceneViewState":{"m_AlwaysRefresh":false,"showFog":true,"showSkybox":true,"showFlares":true,"showImageEffects":true,"showParticleSystems":true,"showVisualEffectGraphs":true,"m_FxEnabled":true},"in2DMode":false,"pivot":{"x":-12.59000015258789,"y":1.334479570388794,"z":19.790000915527345},"rotation":{"x":-0.21553359925746919,"y":0.24252252280712129,"z":-0.05542251467704773,"w":-0.9443467855453491},"size":0.6042153835296631,"orthographic":false}