{"cameraMode":{"drawMode":0,"name":"Shaded","section":"Shading Mode"},"sceneLighting":true,"audioPlay":false,"sceneViewState":{"m_AlwaysRefresh":false,"showFog":true,"showSkybox":true,"showFlares":true,"showImageEffects":true,"showParticleSystems":true,"showVisualEffectGraphs":true,"m_FxEnabled":true},"in2DMode":false,"pivot":{"x":9.536809921264649,"y":2.4986743927001955,"z":0.9563283920288086},"rotation":{"x":-0.5228461623191834,"y":-0.010248481296002865,"z":0.006246547680348158,"w":-0.8523828983306885},"size":14.2210054397583,"orthographic":false}