{"cameraMode":{"drawMode":0,"name":"Shaded","section":"Shading Mode"},"sceneLighting":true,"audioPlay":false,"sceneViewState":{"m_AlwaysRefresh":false,"showFog":true,"showSkybox":false,"showFlares":true,"showImageEffects":true,"showParticleSystems":true,"showVisualEffectGraphs":true,"m_FxEnabled":true},"in2DMode":false,"pivot":{"x":-0.10389423370361328,"y":1.5495023727416993,"z":7.336235046386719},"rotation":{"x":0.006862584967166185,"y":0.8395868539810181,"z":-0.010579093359410763,"w":0.5431398749351502},"size":0.8660253882408142,"orthographic":false}