{"cameraMode":{"drawMode":0,"name":"Shaded","section":"Shading Mode"},"sceneLighting":true,"audioPlay":false,"sceneViewState":{"m_AlwaysRefresh":false,"showFog":true,"showSkybox":false,"showFlares":true,"showImageEffects":true,"showParticleSystems":true,"showVisualEffectGraphs":true,"m_FxEnabled":true},"in2DMode":false,"pivot":{"x":0.20737379789352418,"y":1.0581412315368653,"z":-0.10288596153259278},"rotation":{"x":0.006324943620711565,"y":0.7539661526679993,"z":-0.007235263474285603,"w":0.6568931341171265},"size":0.9266659617424011,"orthographic":false}