{"cameraMode":{"drawMode":0,"name":"Shaded","section":"Shading Mode"},"sceneLighting":true,"audioPlay":false,"sceneViewState":{"m_AlwaysRefresh":false,"showFog":true,"showSkybox":false,"showFlares":true,"showImageEffects":true,"showParticleSystems":true,"showVisualEffectGraphs":true,"m_FxEnabled":true},"in2DMode":false,"pivot":{"x":-22.299312591552736,"y":0.11738523840904236,"z":3.0327963829040529},"rotation":{"x":0.15272803604602815,"y":-0.3907245993614197,"z":0.06590084731578827,"w":0.9053934216499329},"size":3.0681369304656984,"orthographic":false}