{"cameraMode":{"drawMode":0,"name":"Shaded","section":"Shading Mode"},"sceneLighting":false,"audioPlay":false,"sceneViewState":{"m_AlwaysRefresh":false,"showFog":false,"showSkybox":false,"showFlares":false,"showImageEffects":false,"showParticleSystems":false,"showVisualEffectGraphs":true,"m_FxEnabled":true},"in2DMode":false,"pivot":{"x":4.76837158203125e-7,"y":0.8618142008781433,"z":-0.03827614337205887},"rotation":{"x":0.0021788785234093668,"y":0.9935626983642578,"z":0.01936635561287403,"w":-0.11164481192827225},"size":1.250514268875122,"orthographic":false}